Recipient Organization,reciporgNGOtype
A Call to Serve InterNational ,International NGO
Aadamiga USA,International NGO
AAGAHI,National NGO
Aamin Voluntary Relief Organization,National NGO
Aayo Development Foundation,Local NGOs
ABC Children's Aid,International NGO
Abraham's Oasis,Local NGOs
Abyei Community Action for Development,Local NGOs
ACBAR - Agency Coordinating Body for Afghan Relief,National NGO
Access Aid and Development,Local NGOs
Access Development and Relief Organization,Undefined
Accio Solidaria IGMAN,International NGO
Accion Contra el Hambre,International NGO
ACDI/VOCA,International NGO
Aceh’s People Forum,National NGO
ACF - Canada,International NGO
ACF - France,International NGO
ACF - Spain,International NGO
ACF - UK,International NGO
ACF - USA,International NGO
ACH - UK,International NGO
ACT Alliance,International NGO
ACT Alliance / Act for Peace,International NGO
ACT Alliance / Amity Foundation,National NGO
ACT Alliance / Bread for the World,International NGO
ACT Alliance / Canadian Lutheran World Relief,International NGO
ACT Alliance / Christian Aid,International NGO
ACT Alliance / Christian Aid Ministries Nehemia,National NGO
ACT Alliance / Christian Aid UK,International NGO
ACT Alliance / Christian Care,National NGO
ACT Alliance / Christian Commission for Development in Bangladesh,National NGO
ACT Alliance / Christian Reformed World Relief Committee (Valid until August 2012),International NGO
ACT Alliance / Church of Sweden,International NGO
ACT Alliance / Church World Service,International NGO
ACT Alliance / Church World Service - Indonesia,National NGO
ACT Alliance / DanChurchAid,International NGO
"ACT Alliance / Diakonia, Sweden",International NGO
ACT Alliance / Diakonie,International NGO
ACT Alliance / Diakonie Austria,International NGO
ACT Alliance / Diakonie Emergency Aid,International NGO
ACT Alliance / Ethiopian Orthodox Church,National NGO
ACT Alliance / Finn Church Aid,International NGO
ACT Alliance / Finnchurchaid/ Mines Advisory Group,International NGO
ACT Alliance / Hungarian Interchurch Aid,International NGO
ACT Alliance / Icelandic Church Aid,International NGO
ACT Alliance / Interchurch Organisation for Development Co-operation,International NGO
ACT Alliance / Kerk in Actie - Netherlands,International NGO
ACT Alliance / Life With Dignity,National NGO
ACT Alliance / Lutheran Development Service,International NGO
ACT Alliance / Lutheran World Federation,International NGO
ACT Alliance / Lutheran World Relief,International NGO
ACT Alliance / Lutheran World Relief (LWR/Canada),International NGO
ACT Alliance / National Council of Churches of Kenya,National NGO
ACT Alliance / Norwegian Church Aid,International NGO
ACT Alliance / Presbyterian Disaster Assistance,International NGO
ACT Alliance / Solidarité Protestante,International NGO
ACT Alliance / Sudan Council of Churches,National NGO
ACT Alliance / United Church of Canada,International NGO
ACT Alliance / United Methodist Committee on Relief,International NGO
ACT Alliance / World Renew,International NGO
ACT Alliance / YAKKUM Emergency Unit,SINGO
ACT Netherlands,International NGO
ACT/Diakonie,International NGO
Action Against Disasters Somalia,National NGO
Action Against Hunger,International NGO
Action Aid,International NGO
Action by Churches Together (ACT),Undefined
Action Contre la Faim,International NGO
Action contre la Faim / contra Hambre / Against Hunger,International NGO
Action Contre la Faim-Espagne,International NGO
Action Contre la Faim-France,International NGO
Action Contre la Pauvreté (ACP),International NGO
Action de Dévelopement Durable en Afrique,Undefined
Action d'Espoir,Local NGOs
Action d'Urgence InterNational,International NGO
Action for Community Transformation Organization - Afghanistan,Undefined
Action for Relief and Development,Local NGOs
Action on Armed Violence,International NGO
Action pour le Bien Etre Communautaire (ABC),International NGO
Action pour le Développement Intégral au Kivu,Undefined
Action pour un Monde Uni,International NGO
Action Solidarité Tiers Monde,International NGO
ActionAid,International NGO
ActionAid InterNational NEPAL,Affiliated national NGO
ACTIONAID InterNational ZIMBABWE,Affiliated national NGO
ActionAid-Uganda,Affiliated national NGO
Actions et Interventions pour le Développement et l'Encadrement Social,National NGO
Actions Médicales InterNationale,International NGO
Actions pour la Protection et l’Encadrement de l’Enfant,Local NGOs
Actions pour le Developpement Integre en Mileu Rural,Local NGOs
Active Development Aid,Undefined
Active Learning Network for Accountability and Performance,International NGO
Ad Council,International NGO
ADA,Undefined
Admira,Undefined
ADRA Cambodia,Affiliated national NGO
ADRA Canada,International NGO
ADRA Denmark,International NGO
ADRA Germany,International NGO
ADRA Nepal,Affiliated national NGO
ADRA PASMIC,Affiliated national NGO
ADRA Sweden,International NGO
ADRA UK,International NGO
ADRA Yemen,Affiliated national NGO
ADRA Zimbabwe,Affiliated national NGO
ADRA/HELP InterNational,International NGO
ADRA/SCDO,Affiliated national NGO
ADRA-Haiti,Affiliated national NGO
Advancement for Small Enterprise Programme,National NGO
Adventist Development and Relief Agency ,International NGO
Adventist Development and Relief Agency - Nepal,Affiliated national NGO
Adventist Development and Relief Agency (New Zealand),International NGO
Aertze der Welt e.V.,International NGO
Aerzte für die Dritte Welt,Undefined
Afghan Development Association,National NGO
Afghan Global Development Organization,National NGO
Afghan Health & Development Services,National NGO
Afghan Health and Social Assistance Organisation,National NGO
Afghan Mobile Reconstruction Association,National NGO
Afghan NGO Security Office,National NGO
Afghan Women Association for Rehabilitation & Development,National NGO
Afghanaid,International NGO
Afghanischer Arzteverein in Deutschland e.V.,International NGO
Afghanistan Demain,International NGO
Afghanistan Development & Educational Organization,Undefined
Afghanistan Landmine Survivors' Organisation,National NGO
Afghanistan Solidarity Organization,National NGO
Afghanistan-Hilfe e.V.,International NGO
Africa 2000 Network,SINGO
Africa Directo,International NGO
Africa Humanitarian Action,SINGO
Africa Muslims Agency (Johannesburg),SINGO
African Child Outreach Trust,Local NGOs
African Development and Emergency Organisation,SINGO
African Development Solutions,SINGO
African Educational Trust,SINGO
African Medical and Research Foundation,SINGO
African Network for the Prevention and Protection Against Child Abuse and Neglect in Somalia,SINGO
African Rescue Committee,SINGO
African Revival Ministries,SINGO
Africare,International NGO
Africare ,International NGO
Africare/Catholic Relief Services,Undefined
Afrique Verte Mali,Affiliated national NGO
Afrique Verte Niger,Affiliated national NGO
Aga Khan Development Network,International NGO
Aga Khan Foundation Tajikistan,Affiliated national NGO
AGEF,Undefined
Agence d'Assistance aux Rapatries et Refugies au Congo,National NGO
Agency for Cooperation and Research in Development,SINGO
Agency for Co-operation and Research in Development,SINGO
Agency for Peace and Development,International NGO
Agency for Rehabilitation and Development,National NGO
Agency for rehabilitation and Energy-Conservation in Afghanistan,National NGO
Agency for Technical Cooperation and Development,International NGO
Agenzia Italiana Risposta Emergenze,International NGO
Agricultural Cooperative Development InterNational,International NGO
Agricultural Cooperative Development International and Volunteers in Overseas Cooperative Assistance,International NGO
Agricultural Cooperative Development InterNational/Volunteers in Overseas Cooperative Assistance,International NGO
Agricultural Development Association (PARC),National NGO
Agricultural Development Organisation,National NGO
Agronomes et Vétérinaires Sans Frontières,International NGO
AH Dames Suisse,Undefined
Aid for Refugees and Orphans,Local NGOs
Aide à l'Enfance de Canada,International NGO
Aide à l''Enfance de l''Inde,Affiliated national NGO
Aide et Action,International NGO
Aide Médicale  InterNationale ,International NGO
AÏNA (Afghanistan),International NGO
Air Serv InterNational,International NGO
AISHA Association for Woman and Child Protection,Local NGOs
Aktion Afrika Hilfe,International NGO
Aktion Deutschland Hilft,International NGO
Al ghara Charity Organization-Jordan,Undefined
Al Ihsan NGO,Local NGOs
Al Mamoura Humanitarian Establishment,Local NGOs
Al Manar Voluntary Organization,National NGO
Al Zubair Charity Organisation,National NGO
Al-Amal Charity Organization for the Disabled,Local NGOs
Alaska Sudan Medical Project,International NGO
ALDHU - Latin American Association for Human Rights ,SINGO
AlertNet,International NGO
Alive and kicking,SINGO
All Hands Volunteers (previously Hands On Disaster Response),International NGO
Allianz Mission,International NGO
Almanar Voluntary Organization,National NGO
Almassar Charity Organization for Nomads,Local NGOs
ALNAP - Active Learning Network for Accountability and Performance,International NGO
Alnour Wal Amal Association,National NGO
Alola Foundation,National NGO
Alpha Ujuvi,Local NGOs
Alpistan,International NGO
Alsalam Organization for Rehabilitation and Development,Local NGOs
Alternative/SCF-UK,Undefined
Aman Organization,National NGO
AMDA InterNational,International NGO
AMEL,National NGO
American Center for InterNational Labor,International NGO
American Charities for Palestine,International NGO
American Council for Voluntary InterNational Action,International NGO
American Friends Service Committee,International NGO
American Jewish World Service,International NGO
American Near East Refugee Aid,SINGO
American Refugee Committee,International NGO
American Rescue Committee,International NGO
Americares,International NGO
AMICA e.V,International NGO
Amica hilft in Bosnien e.V.,International NGO
Amis des Personnes en Détresse,Undefined
Amitie sans Frontieres,Undefined
Amnesty InterNational Norge,International NGO
AMURT (Ananda Marga Universal Relief Team) (Switzerland),International NGO
AMURT InterNational,SINGO
"Anhar for Peace, Development and Humanitarian Work Organization",Local NGOs
ANSO / IRC,Undefined
Antenna Technologies Grands Lacs (ATGL),Undefined
APHEDA,International NGO
APOPO,International NGO
Apostolic Christian World Relief,International NGO
Appui aux Femmes Démunies et Enfants Marginalisés,Local NGOs
AQUADEV,International NGO
Arab Agronomist Association,National NGO
Arab Association for Human Rights,National NGO
Arab Fund for Human Rights,SINGO
Arab Medical Union,SINGO
Arab Network for Tolerance,SINGO
Arab Reporters for Investigative Journalism,SINGO
Arab Women Association,International NGO
Aragti Relief and Development Organization,National NGO
Arbeiter-Samariter-Bund Deutschland e.V,International NGO
ARC EN CIEL,Undefined
Arche Nova E.V. - Initiative for People in Need,International NGO
Armée du salut,International NGO
Armée du Salut Kalemie,Affiliated national NGO
Armenian Relief Society,SINGO
ARTICLE 19,International NGO
Article 36,International NGO
"Arts for Peace	",International NGO
Asamblea De Cooperacion Por La Paz,International NGO
ASASE,Undefined
ASCHIANA,National NGO
ASIA Onlus,International NGO
Asian Disaster Preparedness Centre,SINGO
Asociacion de Trabajadores y Tecnicos Sin Fronteras,International NGO
Asociación de Trabajadores y Técnicos Sin Fronteras,International NGO
asociacion para la cooperacion con el sur,International NGO
Assessment Capacities Project,International NGO
Assistance Mission Africa,National NGO
Assistência Médica Internacional (AMI),International NGO
Assisting Marsh Arabs and Refugees,International NGO
Association Develop Horn,Undefined
Association for Aid and Relief,International NGO
Association for Aid and Relief Japan,International NGO
"Association for Cooperation, Interchange and Culture",Undefined
Association for Empowerment of Persons with Disabilities,National NGO
Association for Gender Awareness and Human Empowerment,National NGO
Association for Humanitarian Development,Local NGOs
Association for Promoting Social Action,Local NGOs
Association for the Prevention of Torture,International NGO
Association française pour la prévention des catastrophes naturelles,International NGO
Association Francois-Xavier Bagnoud,International NGO
Association Humanitaire AKAMASOA,National NGO
Association Idée-elles,International NGO
Association InterNationale des Soldats de la Paix,International NGO
Association Luxembourg Pérou,International NGO
ASSOCIATION MEDICALE FRANCO-ASIATIQUE,International NGO
Association Morija,International NGO
Association of Christian Resource Organizations Serving Sudan,National NGO
Association of Development Awareness and Motivation,Local NGOs
Association of International Development Agencies,National NGO
Association Persis Valais,Undefined
Association pour la Coopération Technique et au Développement,International NGO
Association pour la protection de l'enfant de la guerre,National NGO
Association pour la Santé Familiale (ASF),Undefined
Association pour le développement social et la sauvegarde de l’environnement,Local NGOs
Association pour le Progres et la Defense des Droits des Femmes,National NGO
Association rwandaise des conseillers en traumatisme ,National NGO
Associazione Amici dell’Oasis Togo,International NGO
Associazione Italiana Amici di Raoul Follereau,International NGO
Associazione Italiana per La Solidarieta Tra I Popoli (AISPO-ITA),International NGO
Associazione par la Solidarieta Internazionale in Asia,International NGO
Associazione per la cooperazione internazionale e l'aiuto umanitario,International NGO
Associazione per la Participazione allo Svillupo,Undefined
Associazione Volontari per il Servizio Internazionale,International NGO
ASUR - Appui aux populations déplacées,Undefined
Atlas Logistique,International NGO
AUSTCARE - Australian Care for Refugees,International NGO
Australian Aid InterNational,International NGO
Australian Volunteers InterNational,International NGO
Australians Care for Refugees,International NGO
Avenir pour les orphelins au Burundi,International NGO
Aviation Sans Frontieres,International NGO
Aviation Sans Frontieres Belgium,International NGO
Aviation Sans Frontieres France,International NGO
Avocats Sans Frontieres,International NGO
AVSF - Agronomes y Veterinaries sans Frontières,International NGO
Aweil Relief Agency for Reintegration and Development,Local NGOs
AWWD,Local NGOs
Ayuda en Accion,International NGO
Azat Foundation,Local NGOs
Azza Women Association,National NGO
Ba Futuru / For The Future,National NGO
Badil Resource Center for Palestinian Residency and Refugee Rights,National NGO
Badin Development Organization,Local NGOs
BAHA'I InterNational COMMUNITY,International NGO
Bakpiny Community Development Agency,Local NGOs
Balkanactive van de gemeenten,International NGO
Balochistan Environmental and Educational Journey,Local NGOs
Balochistan Rural Development Society,Local NGOs
Bangladesh Rural Advancement Committee,SINGO
Baptist Aotearoa NZ Aid,International NGO
Baptist World Aid,International NGO
Barneombudet,International NGO
BBC World Service Trust,International NGO
Benposta Nación de Muchachos,National NGO
Berkat,Undefined
BHN Association -Telecom for Basic Human Needs,International NGO
Bienvenu Refugee Shelter,Local NGOs
Blés du désert,International NGO
BRASCRI ,Undefined
Bread for the World,International NGO
Bright Future Organization,International NGO
British Council,International NGO
Build Change,International NGO
Bulay Development Organization,National NGO
Bureau Diocésain de Développement de Kindu (BDD/KINDU),Local NGOs
Burundikids e.V.,International NGO
Business & Human Rights Resource Centre,International NGO
Campagne Suisse Contre les Mines Antipersonnel,International NGO
Canada InterNational Demining Corps,International NGO
CANADEM,International NGO
Canadian Catholic Organization for Development and Peace,International NGO
Canadian Coalition,International NGO
Canadian Development and Peace,International NGO
Canadian Food for the Hungry InterNational,International NGO
Canadian Food Grains Bank,International NGO
Canadian Journalist/Free Expr,International NGO
Canadian Journalists Free Expression,International NGO
Canadian Journalists Free Expression ,International NGO
Canadian Physicians for Aid and Relief,International NGO
Candle Light,Undefined
CARAES,International NGO
CARE and SC/US,International NGO
CARE Australia,International NGO
CARE Austria,International NGO
CARE Canada,International NGO
Care Czech Republic,International NGO
CARE France,International NGO
Care Germany,International NGO
CARE InterNational,International NGO
CARE InterNational Switzerland in Sudan,International NGO
CARE Kenya,Affiliated national NGO
CARE Myanmar,Affiliated national NGO
CARE Nepal,Affiliated national NGO
CARE Netherlands,International NGO
CARE Norway,International NGO
Care Peru,Affiliated national NGO
CARE Somalia,Affiliated national NGO
Care Sudan,Affiliated national NGO
CARE USA,International NGO
CARE-UK,International NGO
CARITAS,International NGO
CARITAS / Catholic Relief Services,International NGO
CARITAS Allemagne (DCV),International NGO
Caritas Australia,International NGO
Caritas Austria,International NGO
CARITAS BUKAVU,Affiliated national NGO
CARITAS BUNIA,Affiliated national NGO
CARITAS BUTEMBO,Affiliated national NGO
Caritas Congo,Affiliated national NGO
Caritas Czech Republic,International NGO
Caritas Denmark,International NGO
CARITAS DEV GOMA,Affiliated national NGO
Caritas Dev Kalemie,Affiliated national NGO
Caritas Développement,Affiliated national NGO
Caritas Développement DRC,Affiliated national NGO
CARITAS DUNGU,Affiliated national NGO
Caritas France,International NGO
Caritas Germany,International NGO
Caritas Germany (DCV),International NGO
Caritas Haiti,Affiliated national NGO
Caritas Hong kong,International NGO
Caritas Hungary,International NGO
Caritas India,Affiliated national NGO
CARITAS InterNationalIS,International NGO
Caritas Jerusalem,Affiliated national NGO
Caritas Kananga,Affiliated national NGO
Caritas Katanga,Affiliated national NGO
CARITAS KINDU,Affiliated national NGO
Caritas Lebanon Migrants Center,Affiliated national NGO
Caritas Manila,Affiliated national NGO
CARITAS Mbandaka,Affiliated national NGO
CARITAS MBUJIMAYI,Affiliated national NGO
Caritas New Zealand,International NGO
Caritas Norway,International NGO
Caritas Peru,Affiliated national NGO
Caritas Spain,International NGO
Caritas Sweden,International NGO
Caritas Switzerland,International NGO
CARITAS TCHUMBE,Affiliated national NGO
CARITAS UVIRA,Affiliated national NGO
CARITAS UVIRA,Affiliated national NGO
Caritas/MCC,International NGO
Catholic Agency for Overseas Development,International NGO
Catholic Commisssion for Justice and Peace,Local NGOs
Catholic Development Commission,International NGO
Catholic Medical Missons Board,International NGO
Catholic Migration Commission,International NGO
Catholic Organisation for Relief and Development Aid,International NGO
Catholic Peace Movement,Undefined
Catholic Relief Services,International NGO
Caucasus Environmental NGO Network,SINGO
Caucasus Environmental NGO Network ,International NGO
CAUSE Canada,International NGO
Cavish Development Foundation,National NGO
CCD,National NGO
CCD,National NGO
CDA Collaborative Learning Projects. Inc.,International NGO
CEMUBAC (Belgian medical NGO),International NGO
Center for Human Rights and Democratic Participation,National NGO
Center for International Studies and Cooperation,International NGO
CENTER FOR JUSTICE AND INT. LAW,International NGO
Center for Peace and Democracy,National NGO
Center for the Defence of the Individual,National NGO
Center for Victims of Torture,International NGO
Center of Excellence for Rural Development,National NGO
"Central Asian Free Exchange, USA",International NGO
Centre De Crise,Undefined
Centre de Recherche Santé,International NGO
Centre de Réflexion Europe Afrique ,International NGO
Centre for Common Ground in Angola (CCG),National NGO
CENTRE FOR DEFENDING FREEDOM OF JOURNALISTS - CDFJ,International NGO
Centre palestinien des droits de l'homme,National NGO
Centro d'Informazione e Educazione allo Sviluppo,International NGO
CHA - Coordination of Humanitarian Assistance,National NGO
Chaine du Bonheur,International NGO
Charitable Development Association,National NGO
Charitable Society for Caring and Rehabilitation Iraqi Children,National NGO
Charitable Society for Social Welfare,National NGO
Charities Aid Foundation,International NGO
Charity Palestinian NGO,Undefined
CHF InterNational,International NGO
Child Advocacy InterNational,International NGO
Child Care Society,Undefined
ChildFund InterNational,International NGO
ChildFund Ireland,International NGO
Children Assistance Programme ,Undefined
Children InterNational,International NGO
Children without Borders,International NGO
Children's Aid Direct,International NGO
Children's Fund of North Ossetia,National NGO
Children's Home Society of Minnesota,International NGO
Children's Relief,International NGO
Child's Earth Society in Iraq,National NGO
China Foundation for Poverty Alleviation,National NGO
Chrétiens pour le Sahel,International NGO
Christian Aid,International NGO
Christian Aid-UK,International NGO
Christian Blind Mission,International NGO
Christian Care,Undefined
Christian Children's Fund ,International NGO
Christian Children's Fund  / Adventis Development And Relief Agency,International NGO
"Christian Children's Fund, USA",International NGO
Christian Commission for Development in Bangladesh,National NGO
Christian Friends of Korea,National NGO
Christian Mission Aid,International NGO
Christian Mission for Development,National NGO
Christian Outreach Relief and Development,International NGO
Christian Recovery and Development Agency,National NGO
Christian Reformed World Relief Committee,International NGO
Christian Relief Network,International NGO
Christian Solidarity International,International NGO
Christoffel-Blindenmission,International NGO
Church World Service,International NGO
CINS -  Cooperazione Italiana Nord Sud,International NGO
CISANET/CSCQBE/MEJN,National NGO
CitiHope InterNational,International NGO
Citizen's Commission for Human Development,National NGO
"Citizens' Disaster Response Center, Inc",National NGO
Citizens Network for Foreign Affairs,International NGO
Civi Development Organization,National NGO
Civic Assistance Committee,National NGO
Clear Path International,International NGO
Cleared Ground Demining Ltd.,International NGO
Clowns without Borders,International NGO
CMS Ireland,International NGO
Coalition for InterNational Justice,International NGO
Coalition for the InterNational Criminal Court,International NGO
Coalition of Dutch NGOs,International NGO
Coalition to Stop Use of Child Soldiers,International NGO
CODEC,National NGO
Collaborative for Development Action,International NGO
Collectif du developpement et du secours syrien,International NGO
Collectif Haïti de France,International NGO
Colombia Campaign to Ban Landmines,National NGO
Colombiana Contra Minas,National NGO
Comision Espanôla de Ayuda al Refugiado,National NGO
Comitato Collaborazione Medica,International NGO
Comitato di Coordinamento delle Organizzazione per il Servizio Volontario,International NGO
Comitato InterNationale per lo Sviluppo dei Popoli,International NGO
Comité d'Aide Médicale,International NGO
Commission d'Entraide pour les Migrants et les Refugies InterNational,National NGO
Committee for the Promotion of Medical and Humanitarian Aid in Afghanistan,National NGO
Communaute des Eglises de Pentecote en Afrique,National NGO
Communautés locales FYROM,Undefined
Communita Impegno Servizio Volontariato,International NGO
Community Aid Abroad,International NGO
Community and Family Services International,SINGO
Community Appraisal & Motivation Program,National NGO
Community Bridge Initiative,National NGO
Community Chest Korea,National NGO
Community Development Trust,National NGO
Community Health and AIDS Mitigation Project,International NGO
Community Technology Development Trust,National NGO
Community Trust Fund,Undefined
CONCERN,International NGO
Concern India,National NGO
Concern Universal,International NGO
Concern Worldwide,International NGO
CONCORD,International NGO
Confident Children out of Conflict,Local NGOs
Conflict Dynamics International,International NGO
Consortium for Assistance to Refugees and the Displaced in Indonesia,International NGO
Consortium for Assistance to Refugees and the Displaced in Indonesia ,International NGO
"Consortium for Southern Africa Food Security Emergency (World Vision, CARE, CRS, & ADRA)",International NGO
Consortium of British Humanitarian Agencies,International NGO
Convoy of Hope,International NGO
Coof Havanna,Undefined
Cooperative for Assistance and Relief Everywhere,International NGO
Cooperazione E Sviluppo - CESVI,International NGO
Cooperazione Internazionale - COOPI,International NGO
Cooperazione Internazionale Sud Sud,International NGO
Cooperazione per lo Sviluppo dei Paesi Emergenti - COSPE,International NGO
COPE - The Cooperative Orthotic and Prosthetic Enterprise,National NGO
Corporación Desarollo y Paz del Magdalena Medio,National NGO
Counterpart InterNational,International NGO
CRAFOD,National NGO
CRC - NGO Group for the Convention on the Rights of the Child,International NGO
CRIC - Centro Regionale di Intervento per la Cooperazione,International NGO
Crisis Management Initiative,International NGO
Cross InterNational Cathoilc Outreach,International NGO
Culture and Free Thought Association,National NGO
Custodia Franciscana en Tierra Santa,National NGO
CWS Japan,International NGO
Czech Evang. Diacony,National NGO
Daaralsalam Development Association,National NGO
Dabane Trust,National NGO
DAC - Danish Afghan Committee,International NGO
DACAAR,International NGO
Damascus People Participation,National NGO
Danchurchaid,International NGO
Danchurchaid / Danish De-mining Group,International NGO
Danish Association for InterNational Co-operation,International NGO
Danish Committee for Aid to Afghan Refugees,International NGO
Danish De-mining Centre,International NGO
Danish De-mining Group,International NGO
Danish InterNational Life Saving Association,International NGO
Danish Mission Council,International NGO
Danish People's Aid,International NGO
Danish People's Relief Association,International NGO
Danish Refugee Board,International NGO
Danish Refugee Council,International NGO
Danish Refugee Council/ICVA,International NGO
Danish-ethiopia commen initiative,Undefined
Danmission,International NGO
Darya Organization for Developing Woman and Community,National NGO
De Norske Pinsemenigheters Ytremisjon,International NGO
Defense for Children InterNational,International NGO
DEH Relief and Development Organization,National NGO
Delvon Assistance for Social Harmony (DASH),National NGO
Demining Agency for Afghanistan,National NGO
DEMIRA,International NGO
Democratic Iraqi Women Group,National NGO
Den norske Helsingforskomite,International NGO
Deniz Feneri Association,SINGO
Det Norske Menneskerettighetsfond,International NGO
Det norske Misjonsforbund,International NGO
Detachement d'Intervention contre les Catasrophes et de Formation,International NGO
Deutsche Welthungerhilfe e.V. (German Agro Action),International NGO
Development Aid from People to People,International NGO
Development and Peace,International NGO
Development Education Network for Liberia,National NGO
Development Frontiers International,International NGO
Development Workshop,International NGO
Developmental Action Without Border (Nabaa),National NGO
Developpement & Paix,International NGO
Diakonia World Federation,International NGO
"Diakonia, Sweden",International NGO
Diakonie Austria,International NGO
Diakonie Emergency Aid,International NGO
Diakonie Katastrophenhilfe,International NGO
DIAKONISCHES WERK DER EKD,International NGO
Diamer Poverty Alleviation Programme,Local NGOs
Direct Aid,SINGO
Direct Relief InterNational,International NGO
DirectAid,SINGO
Disabled Children's Care Organization,National NGO
Disaster Mitigation Institute,SINGO
Disaster Relief Agency,International NGO
Disaster Resource Network,International NGO
Disasters Emergency Committee (UK),International NGO
Docs Heal Africa,National NGO
"DOCS HEAL AFRICA, Goma",Affiliated national NGO
Doctors of the World,International NGO
Doctors Worldwide,International NGO
Documentation Center of  Cambodia,National NGO
Don Bosco Mondo Prokur,International NGO
Dorcas Aid InterNational,International NGO
Double Harvest,International NGO
Douleurs san Frontières,International NGO
DROPS,National NGO
Dubai Cares (UAE),International NGO
Earthquake Relief Fund for Orphans,International NGO
Eastern Community Development and Humanitarian Organization,Local NGOs
Edinburgh Direct Aid,International NGO
Education Action InterNational,International NGO
EFICOR - Evangelical Fellowship of India Commission on Relief ,National NGO
Eid Charity,International NGO
El Ruhama Organization for Development and Humanitarian Aid,National NGO
Electriciens sans frontières,International NGO
EMERGENCY,International NGO
Emergency Architects,International NGO
Emergency Nutrition Network,International NGO
Emergency Relief InterNational,Undefined
Emmanuel InterNational,International NGO
Emmanuel InterNational of Canada,International NGO
Emmaüs InterNational,International NGO
Enfance Tiers Monde asbl,International NGO
Enfants de Cusco,International NGO
Enfants des rizières,International NGO
Enfants du Monde,International NGO
Enfants du Monde - Droits de l'Homme,International NGO
Enfants et Développement,International NGO
Enfants Refugies du Monde ,International NGO
Eng Oppen Hand fir Malawi,International NGO
Entrepreneurs du Monde,International NGO
Environment Africa,International NGO
EPER Lausanne,International NGO
EPI-Center,Undefined
EQUIP Liberia,Local NGOs
ERIC,Undefined
"Erikshjälpen, Sweden",International NGO
ETANA Press,Local NGOs
Ethiopian Mine Action Center,Local NGOs
Ethiopian Muslims Relief and Development Association,Local NGOs
EuronAid,International NGO
European Centre for Common Ground/Common Ground,International NGO
European Centre for Conflict Prevention,International NGO
European Children's Trust,International NGO
European Committe for Agriculture and Training,International NGO
Evangelical Children Rehabilitation Programme,National NGO
EXNORA,National NGO
Fact Mutare,National NGO
Fairmed,International NGO
Family Planning Organization of the Philippines,National NGO
FARM Africa,International NGO
Farm Community Trust of Zimbabwe,National NGO
FED. I. D. Ligues/Droits l'homme,International NGO
Federation des ONG laiques à Vocation Economique du Congo ,Local NGOs
Feed My Starving Children,International NGO
Feed the Children,International NGO
Feed the Hungry,International NGO
Fellowship for African Relief,National NGO
Fellowship for African Relief ,National NGO
Fida InterNational (previously Finnish Free Foreign Mission),International NGO
Film Aid,International NGO
Finnchurchaid,International NGO
Finnchurchaid/Mines Advisory Group,International NGO
Firemen without Borders,International NGO
Fishermen of Christ Incorporated Philippines,Affiliated national NGO
Flemish Office for Development Co-Operation and Technical Assistance,International NGO
Flood Damage Rehabilitation Committee,National NGO
Flüchtlingshilfe Langen e.V.,International NGO
FOCUS Humanitarian Aid,International NGO
FOCUS InterNational,International NGO
Folkekirkens Nodhjaelp,International NGO
Fondation Caritas Luxembourg,International NGO
Fondation de l'Ordre de Malte pour le Liban,International NGO
Fondazione Un Raggio di Luce,International NGO
Fonds voor OntwikkelingsSamenwerking,International NGO
FONKOZE,National NGO
Food for the Hungry ,Affiliated national NGO
Food for the Hungry InterNational,International NGO
Food for the Poor,International NGO
Food Security Network,International NGO
Forest for Peace,National NGO
Formal Education Network for Private Schools,National NGO
Forum for African Women Educationalist Gambia Chapter,Affiliated national NGO
Forum for Early Warning ,International NGO
FORUT,International NGO
FOSENET - NGO Food Security Network - Zimbabwe,National NGO
Foundation for HR and Freedoms and Humanitarian Relief,SINGO
Foundation for Rural Development,National NGO
Four Homes of Mercy,Local NGOs
Freedom of Expression and of Association,Undefined
French NGOs,Undefined
Frère des Hommes,International NGO
Frères des Hommes,International NGO
Freundschaftsbrucke Deutschland e.V.,International NGO
Friedensdorf InterNational,International NGO
"Friends of  UNRWA Association, USA",International NGO
Friends of Love,National NGO
Friendship,National NGO
Front Line,International NGO
Frontiers Ruwad,National NGO
Fundacion para la Libertad de Prensa,National NGO
Future of Orphans,International NGO
FXB -  François-Xavier Bagnoud,International NGO
Galicia Humanitarian Agency Foundation,International NGO
Gargaar Relief and Development Organization,Local NGOs
Gaza Community Mental Health Programme,Local NGOs
GEAD,National NGO
Gemeinnützige Entwicklungszusammenarbeit GmbH (GEZA),International NGO
Geneva Call,International NGO
Geneva InterNational Centre for Humanitarian Demining,International NGO
Geohazards InterNational,International NGO
German Doctors for Developing Countries,International NGO
"German medical aid organisation ""action medeor""",International NGO
Gifts in kind InterNational,International NGO
Girls are a Treasure Network,Undefined
Glencree Centre for Peace and Reconciliation,International NGO
Global Aid Network,International NGO
Global Communities,International NGO
Global H20,International NGO
Global One 2015,International NGO
Global Resource Services,International NGO
Global Rights,International NGO
GlobalGiving,International NGO
GlobalMedic,International NGO
GOAL,International NGO
GOAL/IRC,International NGO
Gobi Regional Economic Growth Initiative,Undefined
Golweyne Relief and Rehabilitation,National NGO
Good Neighbours Inc,SINGO
GORTA,International NGO
Greek Committee For InterNational Democratic Solidarity,International NGO
"Greek Orthodox Ladies Philoptochos Society, Inc.",Undefined
Green Cross,International NGO
Green Hope,SINGO
GRET,International NGO
Groupe de Recherche et de Réalisations pour le Développement Rural,International NGO
Groupe de Secours Catastrophes Francais,International NGO
GRSP - Ghazni Rural Support Program - Afghanistan,National NGO
Grünhelme,International NGO
Gruppo per le Relazioni Transculturali,International NGO
Gruppo Volontariato Civile,International NGO
Guilde du Raid,International NGO
Gynécologie sans frontières,International NGO
Habitat for Humanity InterNational,International NGO
Hadia Medical,International NGO
Halo Partnership,International NGO
HALO Trust,International NGO
Halte Aux Mines Antipersonnel ,International NGO
Hammer Forum e.V,International NGO
HAMOKED/CNTR DEF.OF INDIVIDUAL,SINGO
"Hand in Hand Appeal, Syria",International NGO
Handicap Atlas Logistique,International NGO
Handicap InterNational,International NGO
Handicap InterNational Belgium,International NGO
Handicap InterNational France,International NGO
Handicap International Luxembourg,International NGO
Handicap International USA,International NGO
Handicap InterNational/France,International NGO
Hands Together,Local NGOs
Harikar,Local NGOs
Hashemite Charity Organization of Jordan,National NGO
Haukari e.V,International NGO
Haut Comité de Secours libanais,National NGO
Hayat Foundation,National NGO
HCC-Humanitäre Nothilfeprogramme weltweit,International NGO
Health Alliance InterNational,International NGO
Health And Nutrition Development Society,National NGO
Health Link South Sudan,National NGO
Health Partners InterNational Canada,International NGO
Health Poverty Action,International NGO
HEALTH UNLIMITED,International NGO
"Health, Development, Information and Policy Institute",National NGO
Healthnet InterNational - Malaria Leishmaniasis Control Programme,International NGO
HealthNet InterNational Transcultural Psychosocial Organisation,International NGO
Heart Doctors,Undefined
Heartland Alliance for Human Needs & Human Rights,International NGO
Heart-to-Heart,International NGO
HEKS - Hilfswerk der Evangelischen Kirchen Schweiz,International NGO
Helen Keller InterNational,International NGO
Helfende Hände e.V.,International NGO
Hellef fir Rosario,Local NGOs
Hellenic Rescue Team,International NGO
HELP,International NGO
HELP e.V.,International NGO
Help for school,Undefined
Help the Aged,International NGO
HelpAge InterNational,International NGO
HelpAge International UK,International NGO
Helpage Programme - RD Congo,International NGO
Helping Hand for Relief and Development,International NGO
HELVETAS,International NGO
Heshima Kenya,Local NGOs
Hilfe fur Kinder in Not e.V,International NGO
Hilfe zur Selbsthilfe e.V.,International NGO
Hilfsgemeinschaft Lippe e.V,International NGO
Hilfswerk Austria InterNational,International NGO
Hilfswerk Liechtenstein,International NGO
Himalayan Human Rights Monitors,National NGO
Himilo Organization for Development,National NGO
Himilo Relief and Development Association,National NGO
Hiran Women Action on Advocay for peace & Human Rights,Local NGOs
HIVOS,International NGO
Hoffnungszeichen - Sign of Hope e.V,International NGO
Hogar de Cristo Santiago,National NGO
Holistic Management,International NGO
Home for Human Rights,National NGO
Honduras Comité Permanente de Contingencias,National NGO
HOPE,International NGO
Hope for the Horn,National NGO
Hope in Action,International NGO
Hope International Development Agency,International NGO
Hope Worldwide,International NGO
HOPE'87,International NGO
Hôpital de la Charité d'Oulan-Bator,International NGO
Hopital sans Frontières,International NGO
Horizont 3000,International NGO
Horizonte Logico,National NGO
Horn of Africa Organization for Protection of Environment and Improvement of Livelihoods,Undefined
Horn Relief,National NGO
Horn-Aid Kenya,National NGO
Hospital Hermanos Ameijeiras,Undefined
Human Appeal InterNational,International NGO
Human Care InterNational,International NGO
Human Concern InterNational,International NGO
Human Help Network e.V.,International NGO
Human Moral Care,Undefined
Human Resources Development Agency,National NGO
Human Right Center in Iraq,National NGO
Human Rights Foundation,International NGO
Human Rights Watch,International NGO
Humanitäre Hilfe für,Undefined
Humanitarian Accountability Partnership InterNational,International NGO
Humanitarian Action for Relief and Development Organisation,National NGO
Humanitarian Aid Relief Trust,International NGO
Humanitarian Relief Foundation,International NGO
HumaniTerra InterNational,International NGO
HumaniTerra International,International NGO
Humaniterra International,International NGO
Humanity Brotherhood Association  for Human Rights,Undefined
Humanity First USA,International NGO
Humedia InterNational,International NGO
Humedica,International NGO
Hungarian Baptist  Aid Organisation,International NGO
Hungarian Interchurch Aid,International NGO
Hungarian Malteser Charity Service,International NGO
Hunger Alert,National NGO
IAM - InterNational Assistance Mission ,International NGO
"Ibero-American States Organization for Education, Science & Culture",Undefined
ICCO - Interchurch organisation for development co-operation,International NGO
ICDP - InterNational Child Development Programme,International NGO
ICU,International NGO
IDE Myanmar,Affiliated national NGO
IFTIIN Education and Development Association,International NGO
Iimaan Relief and Development Organization,National NGO
Impact Forum Norway,International NGO
INDE - Intercooperaçao e Desenvolvimento (Portuguese NGO),International NGO
Indesch Patenschaften,International NGO
Indivduell Mànniskohjàlp - Swedish NGO,International NGO
Initiative Congolaise pour la Gestion autonome des populations,National NGO
Initiative Dritte Welt Braunau,International NGO
Initiative for Change,International NGO
INMED Partnership for Children,International NGO
Innovative Development Organization,National NGO
Insan Association,National NGO
Institute for InterNational Co-operation and Development,International NGO
Institute for War and Peace Reporting,International NGO
Institute of Cultural Affairs Japan,International NGO
"Institute of Human Rights Communication, Nepal ",National NGO
Integrated Rural Development and Nature Conservation,International NGO
Inter Aide,International NGO
Inter Religious Council,Affiliated national NGO
InterAct,International NGO
InterAction,International NGO
Inter-Actions,International NGO
Intercare,International NGO
Interchurch Medical Assistance,International NGO
Interchurch Organisation for Development Co-operation,International NGO
Interkerkelijke Organisatie voor Ontwikkelingssamenwerking,International NGO
INTERMON,International NGO
Intermon Oxfam,International NGO
InterNational Aid,International NGO
InterNational Aid Hand,National NGO
InterNational Aid Services,International NGO
InterNational Aid Services Denmark,International NGO
InterNational Alert,International NGO
InterNational Assistance Mission,National NGO
InterNational Association for Maternal and Neonatal Health ,International NGO
InterNational Catholic Migration Commission,International NGO
InterNational Coalition to Ban Uranium Weapons,International NGO
InterNational Commission of Jurists,International NGO
InterNational Committee for the Development of Peoples,International NGO
InterNational Council of Voluntary Agencies,International NGO
InterNational Crisis Group,International NGO
InterNational Dalit Solidarity Network,International NGO
InterNational Development and Relief Foundation,International NGO
InterNational Development Enterprises,International NGO
InterNational Development Law Organisation,International NGO
InterNational Emergency and Development Aid Relief,International NGO
InterNational Federation of Human Rights,International NGO
InterNational Health Partners,International NGO
InterNational HIV/AIDS Alliance,International NGO
InterNational Human Rights Law Group,International NGO
Humanitarian International Services Group,International NGO
InterNational Humanitarian Service ,International NGO
InterNational Institute of Humanitarian Law,Undefined
International Islamic Charitable Organization,SINGO
InterNational Islamic Charity Organization,SINGO
InterNational Islamic Relief,Undefined
International Islamic Relief Organization,SINGO
InterNational Media Support,International NGO
InterNational Medical Corps,International NGO
InterNational Medical Corps UK,International NGO
InterNational Movement ATD Fourth World,International NGO
International NGO Safety Organisation,International NGO
"InterNational Nothilfe e.V., Coswig",International NGO
InterNational Orthodox Christian Charities,International NGO
InterNational Partnership for Human Development,International NGO
International Planned Parenthood Federation,International NGO
InterNational Relief and Development,International NGO
InterNational Relief Teams,International NGO
InterNational Rescue Committee,International NGO
InterNational Service for Human Rights,International NGO
InterNational Trust Fund for Demining and Victim Assistance ,International NGO
InterNational Voluntary Agencies,International NGO
International Volunteer Center of Yamagata,International NGO
InterNational Work Group for Indigenous Affairs,International NGO
InterNationaler Verein für Frieden und Gerechtigkeit - Pro Humanitate e.V. Köln,International NGO
Internews,International NGO
Internews Europe,International NGO
Internews Network,International NGO
"INTERPAL, UK",International NGO
INTERSOS,International NGO
Intervita,International NGO
Intl Humanitarian Org World View,Undefined
Inuit Circumpolar Conference,International NGO
InWent,Undefined
Iraqi Handicapped Society,National NGO
Iraqi Youth League,National NGO
Islamic African Relief Agency,SINGO
Islamic Charity Association,Undefined
Islamic Help,International NGO
Islamic Relief Pakistan,Affiliated national NGO
Islamic Relief Worldwide,SINGO
ISRA - Islamic Relief Agency,International NGO
Istanbul InterNational Brotherhood and Assistance Association,SINGO
ISTITUTO OIKOS ONLUS,International NGO
Italian Consortium of Solidarity,International NGO
Jairos Jiri Association,National NGO
Janus e.V,Undefined
Japan Agency for Development and Emergency,International NGO
Japan Asian Association and Asian Friendship Society,International NGO
Japan Association for Refugees,National NGO
Japan Center for Conflict Prevention,International NGO
Japan Committee for Refugee Relief,Undefined
Japan Emergency NGO,International NGO
Japan Emergency NGOs,International NGO
Japan Overseas Cooperation Volunteers,International NGO
Japan Rescue Association,International NGO
Japanese NGOs,Undefined
JASMAR Human Security Organization,National NGO
JCS - Joint Christian Services,National NGO
Jesuit Refugee Service,International NGO
Johanniter Unfallhilfe e.V.,International NGO
John Snow InterNational,Undefined
"Joint Development Associates, USA",International NGO
Joint Mine Action Coordination Team,Undefined
JORDAN HASHEMITE CHARITY ORGANIZATION,SINGO
Jordan Health Aid Society,SINGO
JORDAN RIVER FOUNDATION,National NGO
Jordanian Charity Association,Undefined
Jordanian Hashemite Charity Organisation,SINGO
JPF - Japan Platform,International NGO
Jubaland Development Organization,National NGO
Jubbalandese Charity Centre,SINGO
JUPEDEC (United Youth for the Protection of the Environment and Community Development),National NGO
Just Associates,International NGO
KAALO Relief and Development Organisation,SINGO
KADECO,Undefined
KAFA,National NGO
Kanz Humanitarian organization,Undefined
Katachel e.V,International NGO
Katholische Männerbewegung,International NGO
Kenya Land Alliance,National NGO
Kerkinactie - Netherlands,International NGO
KFUK/KFUM,International NGO
Kher Khegara Tanzeem,Local NGOs
Khushal Awareness and Development Organization,Local NGOs
Kinder brauchen uns e.V,International NGO
KINDER USA,International NGO
Kinderberg InterNational e.V.,International NGO
Kindernothilfe e.V.,International NGO
Knowledge for Iraqi Women Society ,National NGO
Kohsar Welfare and Educational Society,National NGO
Kolnische Franziskanerprovinz Bosnienhilfe,Undefined
Komitee Arzte,International NGO
Komitee Cap Anamur,International NGO
Korea Buddhist Order Association,Undefined
Korea Campus Crusade for Christ,International NGO
Korea Food for the Hungry InterNational,International NGO
Korean Farmers' Association,Undefined
Korean Foundation for InterNational Healthcare,International NGO
Korean Sharing Movement,Undefined
Kristna Freds,International NGO
Kurdistan Reconstruction and Development Society,National NGO
La chaine de l'espoir,International NGO
La ligue démocratique pour les droits de la femme,National NGO
Lacha Community and Economic Development,National NGO
LAG - Latin-Amerikagruppene i Norge,International NGO
Lamset Shifa,National NGO
Landmine Action,International NGO
Landmine Survivors Initiatives,National NGO
Landmine Survivors Network,International NGO
LandsAid e.V.,International NGO
Las Dignas,National NGO
Las Qorey Concern,National NGO
Latter Day Saints,International NGO
Lay Volunteers InterNational Association,International NGO
Lazarus-Hilfswerk e.V.,Undefined
Lead Against Marginality and Poverty,National NGO
Lebanese Association for Popular Action,National NGO
Lebanon Support,National NGO
Leprosy Aid Switzerland,International NGO
"Liberia Dujar Association, Sweden",International NGO
Lichtbrücke e.V,International NGO
Life for Relief and Development,International NGO
Light Force InterNational,SINGO
Lighthouse Association,Undefined
Linkage Trust,Undefined
Lion Aid,Affiliated national NGO
Local Action Organization,National NGO
Louvain-Developpement,International NGO
LSN - Landmine Survivors Network ,International NGO
Lutheran Development Service,Affiliated national NGO
Lutheran World Federation,International NGO
Lutheran World Relief,International NGO
Lutheran World Relief (LWR/Canada),International NGO
Lutherischer Weltbund Deutsches Nationalkomitee,International NGO
MADERA,International NGO
Madrasati,National NGO
Magen David Adom,National NGO
Magna Deti v nudzi [Magna Children at Risk],International NGO
Mahvash and Jahangir Siddiqui Foundation,Undefined
Maison Shalom Ruyigi,National NGO
Malaria Consortium,International NGO
Malilangwe Trust,National NGO
Malteser InterNational,International NGO
Management Sciences for Health,International NGO
Mani Tese,International NGO
MANNA,International NGO
MapAction,International NGO
Marie Stopes InterNational,International NGO
Mavambo Orphan Care,National NGO
MEDAIR,International NGO
Medecins d'Afrique,SINGO
Médecins du Monde,International NGO
Médecins du Monde Belgium,International NGO
Médecins du Monde Canada,International NGO
Médecins du Monde France,International NGO
Médecins du Monde Greece,International NGO
Médecins du Monde Suisse,International NGO
Médecins sans Frontières,International NGO
Médecins sans Frontières - Belgium,International NGO
Médecins sans Frontières - Canada,International NGO
Médecins sans Frontières - France,International NGO
Médecins sans Frontières - Luxembourg,International NGO
Médecins sans Frontières - Netherlands,International NGO
Médecins sans Frontières - Norway,International NGO
Médecins sans Frontières - Switzerland,International NGO
Media Action Intl.,Undefined
Media Frontiers,Undefined
Medica Mondiale,International NGO
Medical Aid for Palestinians,International NGO
Medical Assistance Programs InterNational,International NGO
Medical Emergency Relief InterNational,International NGO
Medical Emergency Relief InterNational Charitable Trust,International NGO
Medical Relief Society,National NGO
Medical Teams InterNational ,International NGO
Medico International,International NGO
Medico Intl.,International NGO
Medicos del Mundo,International NGO
Medicos del Mundo Argentina,International NGO
Medicos do Mundo,International NGO
Medicos en catastrofe (MEC),International NGO
Medicos sin Fronteras,International NGO
Medicuba en Salud,International NGO
MediCuba-Suisse,International NGO
Medilor,International NGO
Mediothek für Afghanistan e.V,International NGO
Meds & Food for Kids,International NGO
Medshare,International NGO
Mekka Association,Undefined
MEMISA - Action médicale missionnaire ,International NGO
Mennonite Central Committee,International NGO
Menschen für,International NGO
Menschen Gegen Minen,International NGO
Mensen in Nood Caritas,International NGO
Mentor Initiative,International NGO
Mercy Corps ,International NGO
Mercy Corps Scotland,International NGO
Mercy Hands for Humanitarian Aid,National NGO
Mercy Malaysia,SINGO
"Mercy Relief, Singapore",SINGO
Mercy Ships,International NGO
Mercy-USA for Aid and Development,International NGO
Merti Integrated Development Programme,Local NGOs
Mildmay,International NGO
Millennium Relief and Development,International NGO
Miloserdie (Mercy)  ,Undefined
Mine Action Canada,International NGO
Mine Clearance and Planning Agency,SINGO
Mines Advisory Group,International NGO
Mingalar Myanmar,National NGO
Minority Rights Group InterNational,International NGO
MISOLA,International NGO
Mission East,International NGO
Mission Enfance,International NGO
Mission Ost - DNK,Undefined
Monitoring Evaluation And Training Agency,Undefined
Movement Centre of Jeju Citizen to Cooperation between South and North,Undefined
"Movimiento por la Paz, el Desarme y la Libertad",International NGO
"Movimiento Por La Paz, El Desarme Y La Libertad, (E)",International NGO
MOVIMONDO,International NGO
"MPDL - Movimiento por la Paz, el Desarme y la Libertad",International NGO
MPDL - PRTM,Undefined
Mubarak for Relief and Development Organization,National NGO
Muslim Aid,International NGO
Muslim Aid and GlobalMedic,International NGO
Mvuramanzi Trust,National NGO
Mwelekeo Trust,National NGO
Myanmar Business Coalition on AIDS,National NGO
Myanmar NGO Contingency Plan Steering Committee,National NGO
Nahda Makers Organization,National NGO
Najat Charitable Society,SINGO
Namibia CARES Movement,Undefined
National Agricultural Cooperative Federation,National NGO
National Coalition of NGOs for Inter-Korea Agricultural Development and Cooperation,National NGO
National Council of Saemaul Undong Movement,National NGO
National Democratic Institute,International NGO
National Institution of Social Care & Vocational Training,National NGO
National Integrated & DevelopmeDewant Association (NIDA-Pakistan),National NGO
National Integrated Development Agency,National NGO
National Peace Corps Association,International NGO
Nehemia Christenhilfsdienst e.V.,International NGO
Neighbors Initiative Alliance,Local NGOs
New Iraqi Woman Organization,National NGO
Next Step Productions,National NGO
NGO Consortium,Undefined
NGO Coordination Committee in Iraq,National NGO
NGO FORUM,Undefined
NGO Fridsro,Local NGOs
NGO Mondo,International NGO
NGO Ninez y Vida,Local NGOs
NGO Safety Program,National NGO
NGO Security Programme,Undefined
NGOs (details not yet provided),Undefined
Nile Hope,National NGO
Nile People's Peace Conference,Undefined
Nippon InterNational Cooperation for Community Development,International NGO
Non Violent Peace Force ,International NGO
Nonviolence InterNational,International NGO
Nonviolent Peaceforce,International NGO
Norsk Luthersk Misjonssamband,International NGO
Norske Menneskerettighetsfond,International NGO
Norske Pinsemenigheters Ytremisjon,International NGO
Norske Redningshunder,International NGO
Northeast Asia Forest Forum,International NGO
Northern Aid,Local NGOs
Northwest Medical Teams InterNational,International NGO
NORWAC - Norwegian Aid Committee,International NGO
Norwegian Afghanistan Committee,National NGO
Norwegian Church Aid,International NGO
Norwegian Mission Association,International NGO
Norwegian People's Aid,International NGO
Norwegian Project Office-Rural Rehabilitation Association for Afghanistan,National NGO
Norwegian Refugee Council,International NGO
Not on our Watch,International NGO
NOVIB,Affiliated national NGO
"Nuba Mountain Relief, Rehabilitation and Development Organization",Local NGOs
Nuba Mountains International Association for Development,Local NGOs
Nuer Peace Council,Local NGOs
Objectif Tiers Monde,National NGO
OCAPROCE,International NGO
OCHA NGO Funds,Undefined
Ockenden InterNational,International NGO
Oeuvre d'Orient,International NGO
Oeuvres hospitalières françaises de l'Ordre de Malte,International NGO
OIKOS - Intercooperação e Desenvolvimento ,International NGO
OJAZ Foundation,Undefined
Okedongmu Children in Korea,International NGO
Olympic Aid,International NGO
One Buddhism ,Undefined
One Korea Buddhist Movement,International NGO
One Shekel Campaign in WB,National NGO
"Onnuri Church, Rep. of Korea",International NGO
öö Volkshilfe,National NGO
Operation Blessing InterNational,International NGO
"Operation Helping Hands, American Samoa",Affiliated national NGO
Operation Mercy,International NGO
Operation Save Innocent Lives,National NGO
Operation USA,International NGO
Opportunities Industrialisation Centres InterNational,International NGO
ORA e. V. Deutsher Hilfsfonds,International NGO
ORA InterNational Lobito,International NGO
Organisation for Mine Clearance and Afghan Rehabilitation / Mine Detection Dog Centre,National NGO
Organisation InterNationale de la Francophonie,Undefined
Organisation Marocaine Des Droits de l'homme,National NGO
Organization Catholique Pour la Promotion Humaine,Affiliated national NGO
Organization for Social Development Initiatives,National NGO
OXFAM,International NGO
Oxfam America,International NGO
OXFAM Australia,International NGO
OXFAM Belgium,International NGO
OXFAM Canada,International NGO
OXFAM GB,International NGO
OXFAM Hong Kong,International NGO
Oxfam India,International NGO
OXFAM InterNational,International NGO
OXFAM Ireland,International NGO
Oxfam Italia,International NGO
OXFAM Netherlands (NOVIB),International NGO
OXFAM Quebec,International NGO
OXFAM Solidarite,International NGO
OXFAM/Community Aid Abroad (OXFAM-Australia),International NGO
PACT Myanmar,International NGO
PACTEC,International NGO
Pakistan Humanitarian Forum (consortium),International NGO
Pakistan Village Development Program,Local NGOs
Palestinakomiteen i Norge,International NGO
Palestine Right to Return Coalition,International NGO
Palestine Solidarity Organisation in Sweden,International NGO
Palestinian Agricultural Relief Committees,National NGO
Palestinian Al Nakheel Association for Progress and Development,National NGO
Palestinian Association for Development and Reconstruction,National NGO
Palestinian Center of Organic Agriculture,National NGO
Palestinian Human Rights Monitoring Group,National NGO
Palestinian Hydrological Group,National NGO
Palestinian Medical Relief Society,National NGO
"Paradigm of Consciousness Ministries, Inc. ",Undefined
PARCIC,International NGO
Parliamentarians for Global Action,International NGO
Partage,International NGO
Parthenon Trust,Undefined
Participatory Integrated Development Society,National NGO
Participatory Rural Development Society,National NGO
Partner Aid InterNational,International NGO
Partner Aid International e.V.,International NGO
Partners in Health,International NGO
Partners in Rural Development,International NGO
Partnership Africa Canada,International NGO
Partnership Center for Development and Democracy,National NGO
Pastoralist Concern Association Ethiopia,National NGO
Pastoralist Integrated Support Programme,Undefined
Pathfinder InterNational,International NGO
Patient's Help Fund,Undefined
Pattan Development Organization,National NGO
Pax Christi e.V,International NGO
PCPM - Polish Center for InterNational Aid ,International NGO
Peace Action Society Organisation for Somalia,National NGO
Peace and Development Organization,International NGO
Peace Brigades InterNational,International NGO
Peace Winds,International NGO
Peace Winds Japan,International NGO
Pentecostal Foreign Mission,International NGO
People in Aid,International NGO
People in Need ,National NGO
People in Peril,International NGO
Peoples Empowerment and Consulting Enterprise,National NGO
Pharmaciens Sans Frontieres - Comite InterNational,International NGO
Pharmaciens sans Frontières (France),International NGO
Pharmaciens sans frontières (PSF),International NGO
PHRO - Palestinian Human Rights Organisation ,Undefined
Physicians Across Continents,SINGO
Physicians for Human Rights,International NGO
Plan Benin,Affiliated national NGO
Plan Canada,International NGO
Plan Haiti,Affiliated national NGO
Plan Indonesia ,Affiliated national NGO
Plan InterNational,International NGO
Plan Ireland,International NGO
Plan Mali,Affiliated national NGO
Plan Niger,Affiliated national NGO
Plan Norge,International NGO
Plan Sudan,Affiliated national NGO
Plan Sweden,International NGO
Plan Timor-Leste,Affiliated national NGO
Plan UK,International NGO
Plan USA,International NGO
Planeta,National NGO
Planete Urgence,International NGO
PMU-Interlife,International NGO
Polish Center for International Aid,International NGO
Polish Humanitarian Action,International NGO
Polish Humanitarian Organisation,International NGO
Pompiers sans frontières,International NGO
Population Services InterNational,International NGO
Potsdam Kommunikation,International NGO
Pour une Syrie libre,International NGO
Practical Action ( formerly Intermediate Technology Development Group),International NGO
Practical Action (formerly Intermediate Technology Development Group),International NGO
PRADET,National NGO
Praktisk Solidarites,International NGO
Premiere Urgence,International NGO
Première Urgence - Aide Médicale InterNationale,International NGO
Presbyterian Church in Ireland,International NGO
Primate's World Relief and Development Fund,International NGO
Programme Against Malnutrition,National NGO
Programme de Promotion de Soins de Santé Primaires (PPSSP),National NGO
Progressio,International NGO
Project Aparajita - VHAI,Local NGOs
Project Concern InterNational,International NGO
Project HOPE,International NGO
Protos,International NGO
Protracted Relief Programme Partners (Zimbabwe),International NGO
Provea - Venezolano de Educación-Acción en Derechos Humanos,International NGO
PTM - Paz y Tercer Mundo,International NGO
PUMP AID,International NGO
Qandil,International NGO
Qatar Charitable Society,SINGO
Qatar Charity,SINGO
Quaker United Nations Office,International NGO
Questscope,International NGO
Radanar Ayar Association,International NGO
Rahma Islamic Relief Fund,National NGO
Rahmo Rehabilitation Organisation,International NGO
Rape Crisis Centre,International NGO
Raqeep Organization for Human Rights,National NGO
Rawa Association,National NGO
RCN Justice Democratie,International NGO
REA - Réhabilitation  Education Aide social,International NGO
Reach Out,International NGO
Reach Out Initiative,International NGO
Reach Out To Asia,SINGO
Rebatisseurs de la muraille des oeuvres de Dieu,Undefined
Red R,International NGO
RedR,International NGO
Refugee Education Trust,International NGO
Refugee Trust,International NGO
Refugees InterNational,International NGO
Rehabilitation and Research Centre for Torture Victims,International NGO
Rehabilitation InterNational,International NGO
Relief InterNational,International NGO
Reporters Sans Frontières,International NGO
Reprise de Justesse,International NGO
Rescue South Africa,SINGO
Response InterNational,International NGO
REST - Relief Society of Tigray,National NGO
Right to Live Society,International NGO
Right to Play,International NGO
ROKPA,International NGO
Ronald McDonald House Charities,International NGO
ROPKA InterNational,International NGO
Roshni Development Organization,National NGO
Rotary Club of Shanghai,Affiliated national NGO
Rotary InterNational,International NGO
Royal Health Awareness Society,National NGO
Rumänienhilfe Liebenau,International NGO
Rumänienhilfe Schärding,International NGO
Rural Agency for Community Development and Assistance,Local NGOs
Rural Focus,Undefined
SAACID,International NGO
Sabou Guinee,National NGO
Sad Africa,Undefined
Sada Al Irak Organisation,International NGO
SaferAfrica,International NGO
Saferworld,International NGO
Sage Organisation,Undefined
SAH - Schweizerisches Arbeiterhilfswerk,International NGO
Sahkar Dost Welfare Association,Local NGOs
SALAM YA SEGHAR FUND,National NGO
Salvation Army,International NGO
SAM - Schweizer Allianz Mission,International NGO
SAM - Schweizer Allianz Mission ,International NGO
Sama Al-Yemen Development Foundation,National NGO
Samaritan's Purse,International NGO
Samenwerkende Hulporganisaties,International NGO
Samusocial Peru,Local NGOs
SANAD Charity Foundation,National NGO
Sangtani Women Rural Development Organization,Local NGOs
Santé Diabète,International NGO
Santé Mali Rhône Alpes,International NGO
Santé pour le Développement et la Stabilité d’Haïti,International NGO
Sante Sud,International NGO
Sarhad Rural Support Programme,National NGO
Sarvodaya Shramadana Movement,National NGO
Sath Development Organization,National NGO
Satunama,National NGO
Saude em Portugues,International NGO
Saúde em Português,International NGO
Save and Serve,Undefined
Save Somali Women & Children,National NGO
Save the Children ,International NGO
Save the Children - Canada,International NGO
Save the Children - Denmark,International NGO
Save the Children - France,International NGO
Save the Children - Japan,International NGO
Save the Children - Netherlands,International NGO
Save the Children - Norway,International NGO
Save the Children - Sri Lanka,Affiliated national NGO
Save the Children - Sweden,International NGO
Save the Children - Uganda,Affiliated national NGO
Save the Children - United Kingdom,International NGO
Save the Children - USA,International NGO
Save the Children Alliance,International NGO
Save the Children Federaton Inc.,International NGO
"Save the Children, Youths and Women Organization",Undefined
Sawaid Health Organization,National NGO
SC - Caritas,International NGO
Scandinavian Children's Mission ,International NGO
Scottish Catholic InterNational Aid Fund,International NGO
Search for Common Ground,International NGO
Secours Catholique et Développement,International NGO
Secours Islamique,International NGO
Secours Islamique France,International NGO
Secours Populaire Francais,International NGO
Sécurité civile,Undefined
Seeds of Peace,International NGO
Seestern e.V.,Undefined
Seestern e.V.,Undefined
Self Employment Womens' Association,National NGO
Serve Pastoralist International,International NGO
Service Social InterNational  ,International NGO
Sewalanka,National NGO
Sezam,Undefined
SFCG/RDC,Affiliated national NGO
Shah Sachal Sami Foundation,National NGO
Shahrukhi Rehabilitation Project,National NGO
Shaik Abdallah Nouri Association,SINGO
SHAML - Palestinian Diaspora and Refugee Center ,National NGO
Shanti Volunteer Association,International NGO
Sharek Youth Forum ,National NGO
Shelter for Life,International NGO
Shelter Now InterNational ,International NGO
ShelterBox,International NGO
Shilale Rehabilitation and Ecological Concern,National NGO
Shining Future Humanitarian Organization,Undefined
Shining Light Community Development Organization,National NGO
Sign of Hope,International NGO
SIM Canada,International NGO
Skeiv Solidaritet,International NGO
Skills Active Forward,International NGO
Social Humanitarian Economical Intervention for Local Development,National NGO
Social Impact,International NGO
Social Life and Agricultural Development Organisation,National NGO
"Social, Humanitarian, Economical Intervention for Local Developmen",National NGO
"Société Axis, Centre orthopédique d'Assomption",International NGO
SOCIETE DE COOPERATION POUR LE DEVELOPPEMENT DE FIZI  (SOCOODEFI),National NGO
Société Kolping,International NGO
Society for Community Development,National NGO
Society for Human and Institutional Development,National NGO
Society for Humanitarian Solidarity,National NGO
"Society for the Advancement, Community, health, Education and Training",National NGO
SODI - Solidaritätsdienst-InterNational ,International NGO
Soka Gakkai,International NGO
Soles4Souls,International NGO
Solidar,International NGO
SOLIDAR INGO CONSORTIUM ,International NGO
Solidaridad InterNational,International NGO
Solidarität mit Lateinamerika,International NGO
Solidarité Féminine pour la Paix et le Développement Intégral,National NGO
Solidarite Protestante,International NGO
Solidarité Socialiste,International NGO
Solidarité Syndicale - Luxembourg,International NGO
"Solidarité, Urgence, Developpement",International NGO
Solidarités,International NGO
Solidarités InterNational,International NGO
Solidarites-Belgium,International NGO
Solidarites-France,International NGO
Solidarity Group of Jubbaland,National NGO
Solidarmed,International NGO
Somaction,International NGO
Somali Aid Foundations,National NGO
Somali Community Concern,National NGO
Somali Community Development Foundation,National NGO
Somali Community Literacy Center,National NGO
Somali Development & Rehabilitation Organisation,National NGO
Somali Development and Rehabilitation Organisation,National NGO
Somali Humanitarian Aid and Development Organization,National NGO
Somali Relief and Development Action,National NGO
Somali Relief and Development Society,National NGO
Somali Transformation Group,National NGO
Somali Youth for Peace and Development,National NGO
SomaliAid,National NGO
Somaliland community development Organization,National NGO
Soroti Catholic Diocese Integrated Development Organisation,National NGO
SOS Children's Villages,International NGO
SOS Faim,International NGO
SOS Futures Maman,International NGO
SOS InterNational,International NGO
SOS Kinderdorf,International NGO
SOS Kinderdorpen,International NGO
SOS Malta,International NGO
SOS Sahel InterNational,International NGO
"SOS Villages d""enfants",International NGO
SOS Villages d'Enfants,International NGO
SOS-barnbyar Sweden,International NGO
Soul for Development,National NGO
Soul of Haiti,International NGO
South Sudan Development Agency,International NGO
Southern Alliance for Indigenous Resources,SINGO
South-North Sharing Campaign for Peace and Reunification,Undefined
Sovereign Military Order of Malta,International NGO
SPDS,Undefined
Sports and Cooperation Network,International NGO
St. Josephs Care and Support Trust at Sizanani Village,Local NGOs
STC-NOR,International NGO
Stichting CARE Nederland,International NGO
Stitching War Child,International NGO
Street Children Aid,National NGO
Sudan Aid,National NGO
Sudan Integrated Mine Action Service,National NGO
Sudan Medical Care,Local NGOs
Sudan Open Learning Organisation,National NGO
Sudan Peace and Education Development Programme,National NGO
Sudan Social Development Organization ,International NGO
Sudanese Development Call Organization,National NGO
Sudanese Women's General Union,National NGO
SurfAid,International NGO
Survivor Corps,International NGO
Svenska Missionsradet,International NGO
Swedish Alliance Mission ,International NGO
Swedish Christian Council,International NGO
Swedish Committee for Afghanistan,International NGO
Swedish Cooperative Centre,International NGO
Swedish Covenant Mission,International NGO
Swedish Groups of Africa,International NGO
Swedish Lutheran Aid,International NGO
Swedish Refugee Aid,International NGO
Swiss Campaign to Ban Landmines,International NGO
Swiss Rotary Club,International NGO
SWISSAID,International NGO
SWISSO - Kalmo,International NGO
Tadamun Social Society,National NGO
Taiwan Grassroots Women Workers' Centre,National NGO
Tamil Rehabilitation Organisation,National NGO
Tammuz Organizataion for Social Development,National NGO
Tanad Relief and Development Organisation,National NGO
Tawsol Al Amal Charity Organization,National NGO
Tear Australia,International NGO
TEARFUND,International NGO
Telecom Sans Frontieres,International NGO
Temele Development Organisation,National NGO
Terra Nuova,International NGO
Terre Des Hommes,International NGO
Terre des Hommes - Germany,International NGO
Terre des Hommes - Italy,International NGO
Terre des Hommes - Lausanne,International NGO
Terre des Hommes International,International NGO
Thailand Burma Border Consortium,SINGO
The Bridge Fund,International NGO
The Movement Center of Jeju Citizen to Help the North Korea,National NGO
The Nat'l Council of Saemaul Undong  Movement in Korea,National NGO
The Palestine Solidarity Association in Sweden,International NGO
The Sisters of Charity,International NGO
The Swedish Fellowship of Reconciliation,International NGO
The Swedish Organisation for Individual Relief,International NGO
The Tibet Fund,International NGO
Thirst No More,International NGO
Tibet House Trust,International NGO
TIRUS - Maluku network of NGOs,National NGO
TrainAid InterNational,International NGO
Transcultural Psychosocial Organisation,International NGO
Transparencia Venezuela,Affiliated national NGO
Transparency InterNational,International NGO
Treatment and Rehabilitation Centre ,Undefined
Triangle,International NGO
Triangle Génération Humanitaire,International NGO
Trocaire,International NGO
Trosgnistans Mission,International NGO
Turkish Kidney Foundation,National NGO
UK for UNHCR,Undefined
Un Enfant Par La Main,International NGO
Un Ponte Per ,International NGO
UNICEF National Committee/Andorra,Affiliated national NGO
UNICEF National Committee/Australia,Affiliated national NGO
UNICEF National Committee/Austria,Affiliated national NGO
UNICEF National Committee/Belgium,Affiliated national NGO
UNICEF National Committee/Canada,Affiliated national NGO
UNICEF National Committee/Czech Republic,Affiliated national NGO
UNICEF National Committee/Denmark,Affiliated national NGO
UNICEF National Committee/Estonia,Affiliated national NGO
UNICEF National Committee/Finland,Affiliated national NGO
UNICEF National Committee/France,Affiliated national NGO
UNICEF National Committee/Germany,Affiliated national NGO
UNICEF National Committee/Hellenic,Affiliated national NGO
UNICEF National Committee/Hong Kong,Affiliated national NGO
UNICEF National Committee/Hungary,Affiliated national NGO
UNICEF National Committee/Iceland,Affiliated national NGO
UNICEF National Committee/Indonesia,Affiliated national NGO
UNICEF National Committee/Ireland,Affiliated national NGO
UNICEF National Committee/Israel,Affiliated national NGO
UNICEF National Committee/Italy,Affiliated national NGO
UNICEF National Committee/Japan,Affiliated national NGO
UNICEF National Committee/Korea (Republic of),Affiliated national NGO
UNICEF National Committee/Latvia,Affiliated national NGO
UNICEF National Committee/Lithuania,Affiliated national NGO
UNICEF National Committee/Luxembourg,Affiliated national NGO
UNICEF National Committee/Netherlands,Affiliated national NGO
UNICEF National Committee/New Zealand,Affiliated national NGO
UNICEF National Committee/Norway,Affiliated national NGO
UNICEF National Committee/Oman,Affiliated national NGO
UNICEF National Committee/Poland,Affiliated national NGO
UNICEF National Committee/Portugal,Affiliated national NGO
UNICEF National Committee/San Marino,Affiliated national NGO
UNICEF National Committee/Slovakia,Affiliated national NGO
UNICEF National Committee/Slovenia,Affiliated national NGO
UNICEF National Committee/Spain,Affiliated national NGO
UNICEF National Committee/Sweden,Affiliated national NGO
UNICEF National Committee/Switzerland,Affiliated national NGO
UNICEF National Committee/Turkey,Affiliated national NGO
UNICEF National Committee/United Kingdom,Affiliated national NGO
UNICEF National Committee/USA (US Fund for UNICEF),Affiliated national NGO
UNICEF National Committees,Affiliated national NGO
Union of Agricultural Work Committees,National NGO
United Church of Canada,International NGO
United Methodist Committee on Relief,International NGO
United Way InterNational,International NGO
United Way of Massachusetts Bay and Merrimack Valley ,International NGO
Unity and Cooperation for the Development of People,International NGO
Unity and Cooperation for the Development of Peoples,International NGO
Upper Nile Initiative and Development Organization,National NGO
Upper Nile Kalaazar Eradication Association,Local NGOs
Urgence Rehabilitation et Developpement,International NGO
US Fund for UNICEF,International NGO
USA for UNHCR,International NGO
USA Friends of WFP,International NGO
USA Friends Private,Undefined
USA Fund for UNICEF,International NGO
VAF - Verein für Afghanistan Förderung ,International NGO
Valid Nutrition,International NGO
Vamos Adelante,Local NGOs
Vento di Terra,International NGO
Verdens Barn,International NGO
Verein Hilfe fur Bangladesch,International NGO
Verein Lichtblick ,Undefined
Verein zur Unterstützung von Schulen für afgh. Flüchtlingskinder e.V,International NGO
Vereniging voor Personele Samenwerking Ontwikkelings-landen,International NGO
VETAID,National NGO
Vétérinaire sans Frontieres,International NGO
Vétérinaires sans Frontières (Belgium),International NGO
Vétérinaires sans Frontières (Germany),International NGO
Vétérinaires sans Frontières (Switzerland),International NGO
Victims of Torture,International NGO
Vie Sacree,Local NGOs
VISION,Undefined
Vision Hope International,International NGO
Visions in Action,International NGO
Viva Rio,SINGO
Vivamos Mejor,Local NGOs
Vive Zene,National NGO
VOICE ASBL,International NGO
Voice of America,International NGO
Volens,International NGO
Volontariato Internazionale per lo Sviluppo,International NGO
Voluntariado Internacional para o Desenvolvimento Africano,International NGO
Voluntary Service Overseas,International NGO
Volunteer Organization for the InterNational Co-operation,International NGO
VREDESEILANDEN,International NGO
Wabi Shelbelle Development,Local NGOs
Wadi,International NGO
Wajir South Development Association,National NGO
Wajir South Development Association ,National NGO
War Child ,International NGO
War Child Canada,International NGO
War Child Holland,International NGO
War Child UK,International NGO
Wardi Relief and Development Initiatives,National NGO
Water for Life,International NGO
Water Missions InterNational,International NGO
WA-UK,Undefined
Welfare Association,International NGO
Werkgroep Nederland Srebrenica,International NGO
Windle Trust,International NGO
Windle Trust International,International NGO
WODRANS - Women Orphans and Disabled Rehabilitation Assoc. of New Sudan ,National NGO
Woman Kind Kenya,Local NGOs
Women and Children Child Care Organization,Local NGOs
Women for Women InterNational,International NGO
Women Welfare Organization Poonch,Local NGOs
Women's Promotion and Human Development,Undefined
World Association of Children's Friends,International NGO
World Care,International NGO
World Church Relief Service,Undefined
World Concern,International NGO
World Concern Development Organisation,International NGO
World Education,International NGO
World Hope InterNational,International NGO
World Jewish Aid,International NGO
World Organisation Against Torture,International NGO
World Relief,International NGO
World Society for the Protection of Animals,International NGO
World University Service - Canada,International NGO
World Vision  Netherlands,International NGO
World Vision Angola,Affiliated national NGO
World Vision Australia,International NGO
World Vision Canada,International NGO
World Vision El Salvador,Affiliated national NGO
World Vision Germany,International NGO
World Vision Hong Kong,International NGO
World Vision InterNational,International NGO
World Vision Ireland,International NGO
World Vision Kenya,Affiliated national NGO
World Vision Korea,International NGO
World Vision Pakistan,International NGO
World Vision Philippines,International NGO
World Vision Relief and Development  Inc.,International NGO
World Vision Relief and Development  Inc.,International NGO
World Vision South Sudan,Affiliated national NGO
World Vision Sri Lanka,Affiliated national NGO
World Vision Sudan,Affiliated national NGO
World Vision Support Offices,International NGO
World Vision Taiwan,Affiliated national NGO
World Vision Uganda,Affiliated national NGO
World Vision UK,International NGO
World Vision USA,International NGO
World Vision Viet Nam,Affiliated national NGO
World Vision Zimbabwe,Affiliated national NGO
World Wildlife Fund,International NGO
WPD,Affiliated national NGO
WRC - World Relief Corporation ,International NGO
WSP InterNational,Undefined
YAKKUM Emergency Unit,International NGO
Yayasan HOPE Indonesia,Affiliated national NGO
Yemen Women Union,National NGO
YMCA,Affiliated national NGO
Young Welfare Society,Local NGOs
Youth Alliance in Karamoja,Local NGOs
Youth Development and Voluntary Work Association,Local NGOs
Zafar Cooperation Organization,Undefined
Zamzam Foundation,National NGO
ZOA Refugee Care,International NGO
A.I.M.E! International e.V. (Deutschland),International NGO
ACT Alliance / Lutheran World Federation Nepal,International NGO
Action Chretienne pour combattre la pauvretre et l'analphabetisme,Undefined
Afghanistan Center for Training and Development,National NGO
Africa Development Corps,International NGO
Asociación Salvadoreña de Ayuda Humanitaria,National NGO
"Association for Forests, Development and Conservation",National NGO
Association Locale pour le Développement Intégral,National NGO
"Association pour la Solidarité, le Développement et l'Intégration Sociale",National NGO
Associazione Italiana per la Solidarietà tra I Popoli,International NGO
Asylum Access,International NGO
Atlas Alliance,International NGO 
BBC Media Action,International NGO 
Bent-e-Hawa Peace and Development Organization,Undefined
Buddhistforbundet,Undefined
Cairo Institute for Human Rights Studies,Southern International NGO
CARE Luxembourg,International NGO
Centers for Disease Control Foundation,International NGO
Centre de Support en Santé Internationale,Southern International NGO
Centro de Estudios y Prevencion de Desastres,National NGO
Child Rights Connect,International NGO
Civic Coalition for Palestinian Rights in Jerusalem,National NGO
Community Development Organization,Undefined
Community Media Network,Southern International NGO
Cooperative Housing Foundation International,International NGO
Coordination Of Rehabilitation Services For Afghanistan,National NGO
Crisis Action,International NGO
Danish Mission Council Development,International NGO
dawa Islamic organization,Undefined
Direct Relief,International NGO
EMERGENCY - Life Support for Civilian War Victims ONG Onlus,International NGO
Emergency ONG,International NGO
FilmAid,International NGO
Framtiden i våre hender,Undefined
France Terre d’Asile,International NGO
Friends of UNFPA,International NGO
Frontier Primary Health Care,Local NGO
Fundación Acción Contra el Hambre,International NGO
"Fundación Alianza por Los Derechos, la Igualdad y  la Solidaridad Internacional",International NGO
Fundación Halü Bienestar Humano,Undefined
German Doctors e.V.,International NGO
German Toilet Organization e.V.,International NGO
Global Aid Hand,National NGO
Global Giving,International NGO
Global Network for Disaster Reduction,International NGO
"Groupe antiraciste d’accompagnement, et de defense des étrangers et migrants",National NGO
Groupe unifié pour l'épanouissement des enfants et pour le développement d'Haiti,National NGO
Hidig Relief And Development Organization,National NGO
"IHH-Humanitarian Relief Foundation, Turkey",Southern International NGO
InformAction,Undefined
Innovative Humanitarian Solutions,International NGO
Institut Européen de Coopération et de Développement,International NGO
irshad and islah society lebanon,National NGO
Islamic Center Society,Undefined
John Dau Foundation,International NGO
Just Peace Initiatives,National NGO
La Asociación Minga,Undefined
Lead Development Agency,Undefined
Lebanese Institute for Democracy and Human Rights,National NGO
Light for the World,International NGO
Lutherian World Fund,International NGO
Makassed Philanthropic Islamic Association of Beirut,National NGO
Masar,Undefined
Médecins d'Afrique,International NGO
Medical Teams International,International NGO
Millennium Promise Japan,International NGO
Mouvement non violent syrien,International NGO
National Federation of UNESCO Association in Japan,National NGO 
NetHope,International NGO
NGO Coordination Committee for Iraq,International NGO
Noon Charity Organization,Undefined
Palestinian Hydrology Group,National NGO
Peace Bridge Association,National NGO
Plan Liberia,Affiliated National NGO
Protecting Through Education,International NGO
Refugee Consortium of Kenya,National NGO
Relief Pakistan,Southern International NGO
René Moawad Foundation,National NGO
Rural Development Initiative Pakistan,Undefined
Rural Initiatives in Sustainability and Empowerment,Local NGO
Sawa Organization,National NGO
SEEMA Center for Training and Protection of Women and Child's Rights,National NGO
SHASSMEPPE,National NGO
Sibro Organization for Development,National NGO
Solo Enviro Beautification,National NGO
Start Fund,International NGO
Syria Sanad,International NGO
The Foundation for the Refugee Education Trust,International NGO
Tides Center,International NGO
Union des Organisations Syrienne de Secours Médicaux,International NGO
Urgence Solidarité Syrie,International NGO
VENRO,International NGO
Vet-Care Organization,National NGO
Women Empowerment Organization,National NGO
Women's Education Partnership,International NGO
Women's Refugee Commission,International NGO
World Relief Corporation,International NGO
Yemen Medical Charitable Society,National NGO
ZOA,International NGO 
ABAAD-Resource Center for Gender Equality,southern international NGOs
Abs Development for Women and Children,national NGOs
Action for Development,national NGOs
Action for Peace and Sustainable Development,local NGOs
action medeor e.V.,international NGOs
Advocates Coalition for Rights and Development,national NGOs
Afghanistankomiteen i Norge,international NGOs
Agency for Assistance and Development of Afghanistan,national NGOs
Agricultural Development Association,national NGOs
Akkar Network for Development,national NGOs
Asociacion Ben por la Infancia,international NGOs
Asociación de Trabajadores y Tecnicos Sin Fronteras,international NGOs
Asociación ONGD Cives Mundi,international NGOs
ASSABIL,national NGOs
Associate in Community Development,international NGOs
Association Agropastorale de NDA,local NGOs
Association Centrafricaine pour le Développement Economique et Social,southern international NGOs
Association des Cadres Musulmans de Centrafrique,local NGOs
Association des Femmes pour la Promotion de l'Entreprenariat,local NGOs
Association for Integrated Rural Development,national NGOs
Association HIMAYA,national NGOs
Association LRC,international NGOs
Association Medina,international NGOs
Associazione Internazionale Volontari Laici,international NGOs
Atlasalliansen,international NGOs
Basmeh and Zeitooneh - Lebanese Association,southern international NGOs
Brigadas Internacionales de Paz,international NGOs
Care for Children and Old Age in South Sudan,national NGOs
Caritas Chad,affiliated national NGOs
Centre Libanais des Droits Humains,local NGOs
Centro de Estudios Rurales y de Agricultura Internacional,international NGOs
Christian Children's Fund of Canada,international NGOs
Community Development Association,national NGOs
Community in Need Aid,national NGOs
Development Fund,international NGOs
DIGNI,international NGOs
Dominica Red Cross Society,affiliated national NGOs
Duhok Organization for Volunteer Youth,local NGOs
EducAid Onlus,international NGOs
Education Health Social Awareness and Rehabilitation,national NGOs
Estonian Refugee Council,national NGOs
Evangelisches Werk für Diakonie und Entwicklung e.V.,national NGOs
Fangak Community Development Initiative,local NGOs
Fashoda Youth Forum,national NGOs
Foyer des Jeunes de Morne l'Hopital,local NGOs
Friends of Children Society,national NGOs
Friendship Luxembourg,international NGOs
"FUNDACION ALIANZA POR LOS DERECHOS, LA IGUALD Y LA SOLIDARIDAD INTERNACIONAL",international NGOs
Fundación Plan,affiliated national NGOs
Global Family,international NGOs
Health Equity Initiatives Sdn Bhd,national NGOs
Heifer International,international NGOs
Hujra Village Support Organization,local NGOs
"Institute for Development, Research, Advocacy and Applied Care",national NGOs
Interchurch Medical Assistance World Health,international NGOs
International Eurasia Press Fund,southern international NGOs
IsraAID,southern international NGOs
Japan Campaign for children of Palestine,international NGOs
Japan International Volunteer Center,international NGOs
Joint Aid Management International,southern international NGOs
Kachin Baptist Convention,national NGOs
Khwendo Kor,national NGOs
Labena Organization for Women Development Aid Capacity Building,national NGOs
Makhzoumi Foundation,national NGOs
Manos Unidas,international NGOs
Mena Organization for Services Advocacy integration and Capacity Building,national NGOs
Myanmar Health Assistant Association,national NGOs
Myanmar Heart Development Organization,local NGOs
National Demining Units Organization,national NGOs
NGO Free Ukraine,southern international NGOs
NGO Ukrainian Cultural Center,national NGOs
Norwegian Capacity,international NGOs
Nova - Centre per la Innovació Social / NOVACT,national NGOs
Organization for Research and Community Development,national NGOs
OVERSEAS-Onlus,international NGOs
Oxfam Intermon,international NGOs
Oxfam/Community Aid Abroad/Intermon/Novib,international NGOs
Parlement des Jeunes Rwandais,national NGOs
Pearl of Africa Environment,national NGOs
People Empowerment & Consulting Enterprise,national NGOs
Person in Need Relief Mission,national NGOs
Professionals in Humanitarian Assistance and Protection,international NGOs
Rebuild Iraq Recruitment Program,national NGOs
Rehabilitation Education And Community Health,national NGOs
Relief and Humanitarian Aid Organisation in Dar al Fatwa,national NGOs
Rural Community Action for Peace and Development,national NGOs
Save Youth Future Society,national NGOs
Secretariado Diocesano de Pastoral Social,local NGOs
Society for Human and Environmental Development,national NGOs
Somalia Resilience Program,international NGOs
Sudanese Organization for Rehabilitation and Construction,local NGOs
Support Agency for Rural and Human Association’s Development,local NGOs
Support to Life,international NGOs
Sustainable Development and Peace Building Initiatives,national NGOs
Tahaddi & Apprentis d'Auteuils,international NGOs
Tajik Aid,national NGOs
The National Institution of Social Care and Vocational Training,national NGOs
Triyog Trust NZ,national NGOs
Turath Organization for Human Development,local NGOs
Wethaq Foundation for Civil Orientation,national NGOs
Women Now for Development,southern international NGOs
World Vision Vanuatu,local NGOs
Young Men’s Christian Association,international NGOs
ABAAD-Resource Center for Gender Equality,southern international NGOs
Abs Development for Women and Children,national NGOs
Action for Development,national NGOs
Advocates Coalition for Rights and Development,national NGOs
Agency for Assistance and Development of Afghanistan,national NGOs
Agricultural Development Association,national NGOs
Akkar Network for Development,national NGOs
ASSABIL,national NGOs
Associate in Community Development,international NGOs
Association Centrafricaine pour le Développement Economique et Social,southern international NGOs
Association des Cadres Musulmans de Centrafrique,local NGOs
Association des Femmes pour la Promotion de l'Entreprenariat,local NGOs
Association for Integrated Rural Development,national NGOs
Association HIMAYA,national NGOs
Association LRC,international NGOs
ASYA SAR - KYM,southern international NGOs
Basmeh and Zeitooneh - Lebanese Association,southern international NGOs
Centre Libanais des Droits Humains,local NGOs
Community Development Association,national NGOs
Community in Need Aid,national NGOs
EducAid Onlus,international NGOs
Education Health Social Awareness and Rehabilitation,national NGOs
Fangak Community Development Initiative,local NGOs
Fashoda Youth Forum,national NGOs
Friends of Children Society,national NGOs
Global Family,international NGOs
Joint Aid Management International,southern international NGOs
Kachin Baptist Convention,national NGOs
Khwendo Kor,national NGOs
Labena Organization for Women Development Aid Capacity Building,local NGOs
Makhzoumi Foundation,national NGOs
Mena Organization for Services Advocacy integration and Capacity Building,national NGOs
Myanmar Health Assistant Association,national NGOs
National Demining Units Organization,national NGOs
Organization for Research and Community Development,national NGOs
OVERSEAS-Onlus,international NGOs
Oxfam Intermon,international NGOs
People Empowerment & Consulting Enterprise,national NGOs
Person in Need Relief Mission,national NGOs
Rebuild Iraq Recruitment Program,national NGOs
Rehabilitation Education And Community Health,national NGOs
Relief and Humanitarian Aid Organisation in Dar al Fatwa,national NGOs
Rural Community Action for Peace and Development,national NGOs
Save Youth Future Society,national NGOs
Society for Human and Environmental Development,national NGOs
Sudanese Organization for Rehabilitation and Construction,local NGOs
Support Agency for Rural and Human Association’s Development,local NGOs
Sustainable Development and Peace Building Initiatives,national NGOs
Turath Organization for Human Development,local NGOs
Wethaq Foundation for Civil Orientation,national NGOs
World Jewish Relief,international NGOs
Young Men’s Christian Association,international NGOs
ABAAD-Resource Center for Gender Equality,southern international NGOs
Abs Development for Women and Children,national NGOs
Action for Development,national NGOs
Action for Peace and Sustainable Development,local NGOs
action medeor e.V.,international NGOs
Advocates Coalition for Rights and Development,national NGOs
Afghanistankomiteen i Norge,international NGOs
Agency for Assistance and Development of Afghanistan,national NGOs
Agricultural Development Association,national NGOs
Akkar Network for Development,national NGOs
Asociacion Ben por la Infancia,international NGOs
Asociación de Trabajadores y Tecnicos Sin Fronteras,international NGOs
Asociación ONGD Cives Mundi,international NGOs
ASSABIL,national NGOs
Associate in Community Development,international NGOs
Association Agropastorale de NDA,local NGOs
Association Centrafricaine pour le Développement Economique et Social,southern international NGOs
Association des Cadres Musulmans de Centrafrique,local NGOs
Association des Femmes pour la Promotion de l'Entreprenariat,local NGOs
Association for Integrated Rural Development,national NGOs
Association HIMAYA,national NGOs
Association LRC,international NGOs
Association Medina,international NGOs
Associazione Internazionale Volontari Laici,international NGOs
Atlasalliansen,international NGOs
Basmeh and Zeitooneh - Lebanese Association,southern international NGOs
Brigadas Internacionales de Paz,international NGOs
Care for Children and Old Age in South Sudan,national NGOs
Caritas Chad,affiliated national NGOs
Centre Libanais des Droits Humains,local NGOs
Centro de Estudios Rurales y de Agricultura Internacional,international NGOs
Christian Children's Fund of Canada,international NGOs
Community Development Association,national NGOs
Community in Need Aid,national NGOs
Development Fund,international NGOs
DIGNI,international NGOs
Dominica Red Cross Society,affiliated national NGOs
Duhok Organization for Volunteer Youth,local NGOs
EducAid Onlus,international NGOs
Education Health Social Awareness and Rehabilitation,national NGOs
Estonian Refugee Council,national NGOs
Evangelisches Werk für Diakonie und Entwicklung e.V.,national NGOs
Fangak Community Development Initiative,local NGOs
Fashoda Youth Forum,national NGOs
Foyer des Jeunes de Morne l'Hopital,local NGOs
Friends of Children Society,national NGOs
Friendship Luxembourg,international NGOs
"FUNDACION ALIANZA POR LOS DERECHOS, LA IGUALD Y LA SOLIDARIDAD INTERNACIONAL",international NGOs
Fundación Plan,affiliated national NGOs
Global Family,international NGOs
Health Equity Initiatives Sdn Bhd,national NGOs
Heifer International,international NGOs
Hujra Village Support Organization,local NGOs
"Institute for Development, Research, Advocacy and Applied Care",national NGOs
Interchurch Medical Assistance World Health,international NGOs
International Eurasia Press Fund,southern international NGOs
IsraAID,southern international NGOs
Japan Campaign for children of Palestine,international NGOs
Japan International Volunteer Center,international NGOs
Joint Aid Management International,southern international NGOs
Kachin Baptist Convention,national NGOs
Khwendo Kor,national NGOs
Labena Organization for Women Development Aid Capacity Building,national NGOs
Makhzoumi Foundation,national NGOs
Manos Unidas,international NGOs
Mena Organization for Services Advocacy integration and Capacity Building,national NGOs
Myanmar Health Assistant Association,national NGOs
Myanmar Heart Development Organization,local NGOs
National Demining Units Organization,national NGOs
NGO Free Ukraine,southern international NGOs
NGO Ukrainian Cultural Center,national NGOs
Norwegian Capacity,international NGOs
Nova - Centre per la Innovació Social / NOVACT,national NGOs
Organization for Research and Community Development,national NGOs
OVERSEAS-Onlus,international NGOs
Oxfam Intermon,international NGOs
Parlement des Jeunes Rwandais,national NGOs
Pearl of Africa Environment,national NGOs
People Empowerment & Consulting Enterprise,national NGOs
Person in Need Relief Mission,national NGOs
Professionals in Humanitarian Assistance and Protection,international NGOs
Rebuild Iraq Recruitment Program,national NGOs
Rehabilitation Education And Community Health,national NGOs
Relief and Humanitarian Aid Organisation in Dar al Fatwa,national NGOs
Rural Community Action for Peace and Development,national NGOs
Save Youth Future Society,national NGOs
Secretariado Diocesano de Pastoral Social,local NGOs
Society for Human and Environmental Development,national NGOs
Somalia Resilience Program,international NGOs
Sudanese Organization for Rehabilitation and Construction,local NGOs
Support Agency for Rural and Human Association’s Development,local NGOs
Support to Life,international NGOs
Sustainable Development and Peace Building Initiatives,national NGOs
Tahaddi & Apprentis d'Auteuils,international NGOs
Tajik Aid,national NGOs
The National Institution of Social Care and Vocational Training,national NGOs
Triyog Trust NZ,national NGOs
Turath Organization for Human Development,local NGOs
Wethaq Foundation for Civil Orientation,national NGOs
Women Now for Development,southern international NGOs
World Vision Vanuatu,local NGOs
Young Men’s Christian Association,international NGOs
Humanitarian Quality Assurance Initiative,international NGOs
Monastery Saint James the Mutilated,national NGOs
One Step Further,international NGOs
Organization for Voluntary Humanitarian Assistance Programme,national NGOs
Standard Alliance,international NGOs
DSI - Danish Council of Organizations of Disabled People,international NGOs
InterNational Action Network on Small Arms,international NGOs
InterNational Campaign to Ban Landmines,international NGOs
InterNational Commission on Missing Persons,international NGOs
Joint Standards Initiative,international NGOs
Private Agencies Collaborating Together,international NGOs
HOPE’87 – Hundreds of Original Projects for Employment,international NGOs
Farmer's Life Development Agency,national NGOs
Development and Regeneration Association,national NGOs
Al Najat Charitable Society,national NGOs
Al-Khanjar Foundation,national NGOs
Association for Environment Management and Development,Undefined
Ligue de la Zone Afrique pour la Défense des Droits des Enfants et Elèves,Undefined
Tajdid Iraq Association for Developing Economy,national NGOs
The United Iraqi Medical Society for Relief and Development,national NGOs
AMURT/Ananda Marga Universal Relief Team (USA),international NGOs
Cambodian Mine Action Centre,national NGOs
CPH - Comité Protos Haïti,local NGOs
Somali Education and Health Organisation,national NGOs
ACFOA,national NGOs
